[{"model": "admin.logentry", "pk": 1, "fields": {"action_time": "2025-05-29T22:54:29.109Z", "user": 2, "content_type": 8, "object_id": "1", "object_repr": "kirter", "action_flag": 3, "change_message": ""}}, {"model": "admin.logentry", "pk": 2, "fields": {"action_time": "2025-05-29T22:55:50.828Z", "user": 2, "content_type": 10, "object_id": "1", "object_repr": "Печень куриная, г.", "action_flag": 1, "change_message": "[{\"added\": {}}]"}}, {"model": "admin.logentry", "pk": 3, "fields": {"action_time": "2025-05-29T22:56:03.114Z", "user": 2, "content_type": 10, "object_id": "2", "object_repr": "Сливочное масло, г.", "action_flag": 1, "change_message": "[{\"added\": {}}]"}}, {"model": "admin.logentry", "pk": 4, "fields": {"action_time": "2025-05-29T22:56:12.904Z", "user": 2, "content_type": 10, "object_id": "3", "object_repr": "Лук репчатый, шт.", "action_flag": 1, "change_message": "[{\"added\": {}}]"}}, {"model": "admin.logentry", "pk": 5, "fields": {"action_time": "2025-05-29T22:56:32.166Z", "user": 2, "content_type": 10, "object_id": "4", "object_repr": "Чеснок, зубчики", "action_flag": 1, "change_message": "[{\"added\": {}}]"}}, {"model": "admin.logentry", "pk": 6, "fields": {"action_time": "2025-05-29T22:56:51.792Z", "user": 2, "content_type": 10, "object_id": "5", "object_repr": "Сливки 20%, мл", "action_flag": 1, "change_message": "[{\"added\": {}}]"}}, {"model": "admin.logentry", "pk": 7, "fields": {"action_time": "2025-05-29T22:57:02.778Z", "user": 2, "content_type": 10, "object_id": "6", "object_repr": "Конъяк, мл", "action_flag": 1, "change_message": "[{\"added\": {}}]"}}, {"model": "admin.logentry", "pk": 8, "fields": {"action_time": "2025-05-29T22:57:12.741Z", "user": 2, "content_type": 10, "object_id": "7", "object_repr": "Лавровый лист, шт.", "action_flag": 1, "change_message": "[{\"added\": {}}]"}}, {"model": "admin.logentry", "pk": 9, "fields": {"action_time": "2025-05-29T22:57:23.411Z", "user": 2, "content_type": 10, "object_id": "8", "object_repr": "Тимьян свежий, ветка", "action_flag": 1, "change_message": "[{\"added\": {}}]"}}, {"model": "admin.logentry", "pk": 10, "fields": {"action_time": "2025-05-29T22:58:09.942Z", "user": 2, "content_type": 10, "object_id": "9", "object_repr": "Яйца, шт.", "action_flag": 1, "change_message": "[{\"added\": {}}]"}}, {"model": "admin.logentry", "pk": 11, "fields": {"action_time": "2025-05-29T22:58:21.114Z", "user": 2, "content_type": 10, "object_id": "10", "object_repr": "сыр, гр.", "action_flag": 1, "change_message": "[{\"added\": {}}]"}}, {"model": "admin.logentry", "pk": 12, "fields": {"action_time": "2025-05-29T22:58:30.196Z", "user": 2, "content_type": 10, "object_id": "11", "object_repr": "Картошка, шт.", "action_flag": 1, "change_message": "[{\"added\": {}}]"}}, {"model": "admin.logentry", "pk": 13, "fields": {"action_time": "2025-05-29T22:58:39.784Z", "user": 2, "content_type": 10, "object_id": "12", "object_repr": "Ветчина, гр.", "action_flag": 1, "change_message": "[{\"added\": {}}]"}}, {"model": "admin.logentry", "pk": 14, "fields": {"action_time": "2025-05-29T22:59:03.566Z", "user": 2, "content_type": 10, "object_id": "13", "object_repr": "Болгарский перец, шт.", "action_flag": 1, "change_message": "[{\"added\": {}}]"}}, {"model": "admin.logentry", "pk": 15, "fields": {"action_time": "2025-05-29T22:59:11.190Z", "user": 2, "content_type": 10, "object_id": "14", "object_repr": "Помидор, шт.", "action_flag": 1, "change_message": "[{\"added\": {}}]"}}, {"model": "admin.logentry", "pk": 16, "fields": {"action_time": "2025-05-30T00:03:43.715Z", "user": 2, "content_type": 10, "object_id": "15", "object_repr": "Спагетти, гр.", "action_flag": 1, "change_message": "[{\"added\": {}}]"}}, {"model": "admin.logentry", "pk": 17, "fields": {"action_time": "2025-05-30T00:04:03.875Z", "user": 2, "content_type": 10, "object_id": "16", "object_repr": "Креветки, гр.", "action_flag": 1, "change_message": "[{\"added\": {}}]"}}, {"model": "admin.logentry", "pk": 18, "fields": {"action_time": "2025-05-30T00:04:17.158Z", "user": 2, "content_type": 10, "object_id": "17", "object_repr": "Перец чили, ч. л.", "action_flag": 1, "change_message": "[{\"added\": {}}]"}}, {"model": "admin.logentry", "pk": 19, "fields": {"action_time": "2025-05-30T00:09:08.112Z", "user": 2, "content_type": 8, "object_id": "5", "object_repr": "nagiev", "action_flag": 2, "change_message": "[{\"changed\": {\"fields\": [\"password\"]}}]"}}, {"model": "admin.logentry", "pk": 20, "fields": {"action_time": "2025-05-30T00:10:47.687Z", "user": 2, "content_type": 10, "object_id": "18", "object_repr": "Говядина, гр.", "action_flag": 1, "change_message": "[{\"added\": {}}]"}}, {"model": "admin.logentry", "pk": 21, "fields": {"action_time": "2025-05-30T00:11:01.866Z", "user": 2, "content_type": 10, "object_id": "19", "object_repr": "Свекла, гр.", "action_flag": 1, "change_message": "[{\"added\": {}}]"}}, {"model": "admin.logentry", "pk": 22, "fields": {"action_time": "2025-05-30T00:11:15.375Z", "user": 2, "content_type": 10, "object_id": "20", "object_repr": "Морковь, шт.", "action_flag": 1, "change_message": "[{\"added\": {}}]"}}, {"model": "admin.logentry", "pk": 23, "fields": {"action_time": "2025-05-30T00:11:32.651Z", "user": 2, "content_type": 10, "object_id": "21", "object_repr": "Капуста, шт.", "action_flag": 1, "change_message": "[{\"added\": {}}]"}}, {"model": "admin.logentry", "pk": 24, "fields": {"action_time": "2025-05-30T00:11:49.651Z", "user": 2, "content_type": 10, "object_id": "22", "object_repr": "Томатная паста, ст. л.", "action_flag": 1, "change_message": "[{\"added\": {}}]"}}, {"model": "admin.logentry", "pk": 25, "fields": {"action_time": "2025-05-30T00:12:20.167Z", "user": 2, "content_type": 10, "object_id": "19", "object_repr": "Свекла, шт.", "action_flag": 2, "change_message": "[{\"changed\": {\"fields\": [\"\\u0415\\u0434\\u0438\\u043d\\u0438\\u0446\\u0430 \\u0438\\u0437\\u043c\\u0435\\u0440\\u0435\\u043d\\u0438\\u044f\"]}}]"}}, {"model": "admin.logentry", "pk": 26, "fields": {"action_time": "2025-05-30T00:15:45.579Z", "user": 2, "content_type": 10, "object_id": "23", "object_repr": "Греча, стакан", "action_flag": 1, "change_message": "[{\"added\": {}}]"}}, {"model": "admin.logentry", "pk": 27, "fields": {"action_time": "2025-05-30T00:16:00.767Z", "user": 2, "content_type": 10, "object_id": "24", "object_repr": "Грибы, гр.", "action_flag": 1, "change_message": "[{\"added\": {}}]"}}, {"model": "auth.permission", "pk": 1, "fields": {"name": "Can add log entry", "content_type": 1, "codename": "add_logentry"}}, {"model": "auth.permission", "pk": 2, "fields": {"name": "Can change log entry", "content_type": 1, "codename": "change_logentry"}}, {"model": "auth.permission", "pk": 3, "fields": {"name": "Can delete log entry", "content_type": 1, "codename": "delete_logentry"}}, {"model": "auth.permission", "pk": 4, "fields": {"name": "Can view log entry", "content_type": 1, "codename": "view_logentry"}}, {"model": "auth.permission", "pk": 5, "fields": {"name": "Can add permission", "content_type": 2, "codename": "add_permission"}}, {"model": "auth.permission", "pk": 6, "fields": {"name": "Can change permission", "content_type": 2, "codename": "change_permission"}}, {"model": "auth.permission", "pk": 7, "fields": {"name": "Can delete permission", "content_type": 2, "codename": "delete_permission"}}, {"model": "auth.permission", "pk": 8, "fields": {"name": "Can view permission", "content_type": 2, "codename": "view_permission"}}, {"model": "auth.permission", "pk": 9, "fields": {"name": "Can add group", "content_type": 3, "codename": "add_group"}}, {"model": "auth.permission", "pk": 10, "fields": {"name": "Can change group", "content_type": 3, "codename": "change_group"}}, {"model": "auth.permission", "pk": 11, "fields": {"name": "Can delete group", "content_type": 3, "codename": "delete_group"}}, {"model": "auth.permission", "pk": 12, "fields": {"name": "Can view group", "content_type": 3, "codename": "view_group"}}, {"model": "auth.permission", "pk": 13, "fields": {"name": "Can add content type", "content_type": 4, "codename": "add_contenttype"}}, {"model": "auth.permission", "pk": 14, "fields": {"name": "Can change content type", "content_type": 4, "codename": "change_contenttype"}}, {"model": "auth.permission", "pk": 15, "fields": {"name": "Can delete content type", "content_type": 4, "codename": "delete_contenttype"}}, {"model": "auth.permission", "pk": 16, "fields": {"name": "Can view content type", "content_type": 4, "codename": "view_contenttype"}}, {"model": "auth.permission", "pk": 17, "fields": {"name": "Can add session", "content_type": 5, "codename": "add_session"}}, {"model": "auth.permission", "pk": 18, "fields": {"name": "Can change session", "content_type": 5, "codename": "change_session"}}, {"model": "auth.permission", "pk": 19, "fields": {"name": "Can delete session", "content_type": 5, "codename": "delete_session"}}, {"model": "auth.permission", "pk": 20, "fields": {"name": "Can view session", "content_type": 5, "codename": "view_session"}}, {"model": "auth.permission", "pk": 21, "fields": {"name": "Can add Token", "content_type": 6, "codename": "add_token"}}, {"model": "auth.permission", "pk": 22, "fields": {"name": "Can change Token", "content_type": 6, "codename": "change_token"}}, {"model": "auth.permission", "pk": 23, "fields": {"name": "Can delete Token", "content_type": 6, "codename": "delete_token"}}, {"model": "auth.permission", "pk": 24, "fields": {"name": "Can view Token", "content_type": 6, "codename": "view_token"}}, {"model": "auth.permission", "pk": 25, "fields": {"name": "Can add Token", "content_type": 7, "codename": "add_tokenproxy"}}, {"model": "auth.permission", "pk": 26, "fields": {"name": "Can change Token", "content_type": 7, "codename": "change_tokenproxy"}}, {"model": "auth.permission", "pk": 27, "fields": {"name": "Can delete Token", "content_type": 7, "codename": "delete_tokenproxy"}}, {"model": "auth.permission", "pk": 28, "fields": {"name": "Can view Token", "content_type": 7, "codename": "view_tokenproxy"}}, {"model": "auth.permission", "pk": 29, "fields": {"name": "Can add Пользователь", "content_type": 8, "codename": "add_customuser"}}, {"model": "auth.permission", "pk": 30, "fields": {"name": "Can change Пользователь", "content_type": 8, "codename": "change_customuser"}}, {"model": "auth.permission", "pk": 31, "fields": {"name": "Can delete Пользователь", "content_type": 8, "codename": "delete_customuser"}}, {"model": "auth.permission", "pk": 32, "fields": {"name": "Can view Пользователь", "content_type": 8, "codename": "view_customuser"}}, {"model": "auth.permission", "pk": 33, "fields": {"name": "Can add Подписка", "content_type": 9, "codename": "add_subscription"}}, {"model": "auth.permission", "pk": 34, "fields": {"name": "Can change Подписка", "content_type": 9, "codename": "change_subscription"}}, {"model": "auth.permission", "pk": 35, "fields": {"name": "Can delete Подписка", "content_type": 9, "codename": "delete_subscription"}}, {"model": "auth.permission", "pk": 36, "fields": {"name": "Can view Подписка", "content_type": 9, "codename": "view_subscription"}}, {"model": "auth.permission", "pk": 37, "fields": {"name": "Can add Ингредиент", "content_type": 10, "codename": "add_ingredient"}}, {"model": "auth.permission", "pk": 38, "fields": {"name": "Can change Ингредиент", "content_type": 10, "codename": "change_ingredient"}}, {"model": "auth.permission", "pk": 39, "fields": {"name": "Can delete Ингредиент", "content_type": 10, "codename": "delete_ingredient"}}, {"model": "auth.permission", "pk": 40, "fields": {"name": "Can view Ингредиент", "content_type": 10, "codename": "view_ingredient"}}, {"model": "auth.permission", "pk": 41, "fields": {"name": "Can add Рецепт", "content_type": 11, "codename": "add_recipe"}}, {"model": "auth.permission", "pk": 42, "fields": {"name": "Can change Рецепт", "content_type": 11, "codename": "change_recipe"}}, {"model": "auth.permission", "pk": 43, "fields": {"name": "Can delete Рецепт", "content_type": 11, "codename": "delete_recipe"}}, {"model": "auth.permission", "pk": 44, "fields": {"name": "Can view Рецепт", "content_type": 11, "codename": "view_recipe"}}, {"model": "auth.permission", "pk": 45, "fields": {"name": "Can add Список покупок", "content_type": 12, "codename": "add_shoppingcart"}}, {"model": "auth.permission", "pk": 46, "fields": {"name": "Can change Список покупок", "content_type": 12, "codename": "change_shoppingcart"}}, {"model": "auth.permission", "pk": 47, "fields": {"name": "Can delete Список покупок", "content_type": 12, "codename": "delete_shoppingcart"}}, {"model": "auth.permission", "pk": 48, "fields": {"name": "Can view Список покупок", "content_type": 12, "codename": "view_shoppingcart"}}, {"model": "auth.permission", "pk": 49, "fields": {"name": "Can add Ингредиент в рецепте", "content_type": 13, "codename": "add_recipeingredient"}}, {"model": "auth.permission", "pk": 50, "fields": {"name": "Can change Ингредиент в рецепте", "content_type": 13, "codename": "change_recipeingredient"}}, {"model": "auth.permission", "pk": 51, "fields": {"name": "Can delete Ингредиент в рецепте", "content_type": 13, "codename": "delete_recipeingredient"}}, {"model": "auth.permission", "pk": 52, "fields": {"name": "Can view Ингредиент в рецепте", "content_type": 13, "codename": "view_recipeingredient"}}, {"model": "auth.permission", "pk": 53, "fields": {"name": "Can add Избранное", "content_type": 14, "codename": "add_favorite"}}, {"model": "auth.permission", "pk": 54, "fields": {"name": "Can change Избранное", "content_type": 14, "codename": "change_favorite"}}, {"model": "auth.permission", "pk": 55, "fields": {"name": "Can delete Избранное", "content_type": 14, "codename": "delete_favorite"}}, {"model": "auth.permission", "pk": 56, "fields": {"name": "Can view Избранное", "content_type": 14, "codename": "view_favorite"}}, {"model": "contenttypes.contenttype", "pk": 1, "fields": {"app_label": "admin", "model": "logentry"}}, {"model": "contenttypes.contenttype", "pk": 2, "fields": {"app_label": "auth", "model": "permission"}}, {"model": "contenttypes.contenttype", "pk": 3, "fields": {"app_label": "auth", "model": "group"}}, {"model": "contenttypes.contenttype", "pk": 4, "fields": {"app_label": "contenttypes", "model": "contenttype"}}, {"model": "contenttypes.contenttype", "pk": 5, "fields": {"app_label": "sessions", "model": "session"}}, {"model": "contenttypes.contenttype", "pk": 6, "fields": {"app_label": "authtoken", "model": "token"}}, {"model": "contenttypes.contenttype", "pk": 7, "fields": {"app_label": "authtoken", "model": "tokenproxy"}}, {"model": "contenttypes.contenttype", "pk": 8, "fields": {"app_label": "users", "model": "customuser"}}, {"model": "contenttypes.contenttype", "pk": 9, "fields": {"app_label": "users", "model": "subscription"}}, {"model": "contenttypes.contenttype", "pk": 10, "fields": {"app_label": "recipes", "model": "ingredient"}}, {"model": "contenttypes.contenttype", "pk": 11, "fields": {"app_label": "recipes", "model": "recipe"}}, {"model": "contenttypes.contenttype", "pk": 12, "fields": {"app_label": "recipes", "model": "shoppingcart"}}, {"model": "contenttypes.contenttype", "pk": 13, "fields": {"app_label": "recipes", "model": "recipeingredient"}}, {"model": "contenttypes.contenttype", "pk": 14, "fields": {"app_label": "recipes", "model": "favorite"}}, {"model": "sessions.session", "pk": "vv8fg6zpfbg94jj3veunp65vzawwy6j3", "fields": {"session_data": ".eJxVjEsOwjAMBe-SNYqShtSGJXvOENmOQwsokfpZIe4OlbqA7ZuZ9zKJ1mVI66xTGrM5m84cfjcmeWjdQL5TvTUrrS7TyHZT7E5ne21Zn5fd_TsYaB6-NQeJpHDUHnKBIIjRE3pgwOwdCYUTC0eMwlrIxQB935VOEcAFxWDeH_fuOBA:1uKnJ6:ulHiv8YXNpJsdD2OJGyyZQgz-fU6UIjAhR835aT4Ygg", "expire_date": "2025-06-13T00:09:08.121Z"}}, {"model": "authtoken.token", "pk": "70042f5b9e4c3348773be8601085a76cec17b3f1", "fields": {"user": 4, "created": "2025-05-30T00:15:08.517Z"}}, {"model": "users.customuser", "pk": 2, "fields": {"password": "pbkdf2_sha256$600000$1Wymzuzv1q8qnfwiV5xqBr$YOWJCuC3l/VNJ+RGIXU5ZJRksJWaG9HAp6MbdHTfqLA=", "last_login": "2025-05-29T22:52:19.283Z", "is_superuser": true, "is_staff": true, "is_active": true, "date_joined": "2025-05-29T22:51:40.489Z", "first_name": "admin", "last_name": "admin", "username": "admin", "avatar": "", "email": "admin@admin.ru", "groups": [], "user_permissions": []}}, {"model": "users.customuser", "pk": 3, "fields": {"password": "pbkdf2_sha256$600000$qdoIBbt2kiCiLlAI7jzpJ4$zFw1eYTPxTMyV+8NKg+zOd53qxHR3D6d9js/8vFhZjo=", "last_login": "2025-05-30T00:03:07.405Z", "is_superuser": false, "is_staff": false, "is_active": true, "date_joined": "2025-05-29T23:00:17.922Z", "first_name": "Максим", "last_name": "Лавров", "username": "oguzok", "avatar": "users/images/temp_CHkyP5b.png", "email": "makslavrov@yandex.ru", "groups": [], "user_permissions": []}}, {"model": "users.customuser", "pk": 4, "fields": {"password": "pbkdf2_sha256$600000$4Eri8dJuWEGnXDjN0Wz4qp$ykxnF19IxHeMJJHLZS6rEAk/+Scwn6BEpuPOexXezbg=", "last_login": "2025-05-30T00:15:08.520Z", "is_superuser": false, "is_staff": false, "is_active": true, "date_joined": "2025-05-29T23:04:24.208Z", "first_name": "Виктор", "last_name": "Баринов", "username": "spartakchampion", "avatar": "users/images/temp.jpeg", "email": "vbarinov@yandex.ru", "groups": [], "user_permissions": []}}, {"model": "users.customuser", "pk": 5, "fields": {"password": "pbkdf2_sha256$600000$tTCN0ZFyjjSadQsAAUvOvc$dBSMELKhF2rWl8Y4Xo9k1Jf21G4NJilOOAh/ijr77lg=", "last_login": "2025-05-30T00:09:15.054Z", "is_superuser": false, "is_staff": false, "is_active": true, "date_joined": "2025-05-30T00:08:09.640Z", "first_name": "Дмитрий", "last_name": "Нагиев", "username": "nagiev", "avatar": "users/images/temp_ZJIID0b.jpeg", "email": "nagiev@yandex.ru", "groups": [], "user_permissions": []}}, {"model": "users.subscription", "pk": 4, "fields": {"user": 4, "following": 3}}, {"model": "users.subscription", "pk": 5, "fields": {"user": 5, "following": 3}}, {"model": "users.subscription", "pk": 6, "fields": {"user": 4, "following": 5}}, {"model": "recipes.ingredient", "pk": 1, "fields": {"name": "Печень куриная", "measurement_unit": "г."}}, {"model": "recipes.ingredient", "pk": 2, "fields": {"name": "Сливочное масло", "measurement_unit": "г."}}, {"model": "recipes.ingredient", "pk": 3, "fields": {"name": "Лук репчатый", "measurement_unit": "шт."}}, {"model": "recipes.ingredient", "pk": 4, "fields": {"name": "Чеснок", "measurement_unit": "зубчики"}}, {"model": "recipes.ingredient", "pk": 5, "fields": {"name": "Сливки 20%", "measurement_unit": "мл"}}, {"model": "recipes.ingredient", "pk": 6, "fields": {"name": "Конъяк", "measurement_unit": "мл"}}, {"model": "recipes.ingredient", "pk": 7, "fields": {"name": "Лавровый лист", "measurement_unit": "шт."}}, {"model": "recipes.ingredient", "pk": 8, "fields": {"name": "Тимьян свежий", "measurement_unit": "ветка"}}, {"model": "recipes.ingredient", "pk": 9, "fields": {"name": "Яйца", "measurement_unit": "шт."}}, {"model": "recipes.ingredient", "pk": 10, "fields": {"name": "сыр", "measurement_unit": "гр."}}, {"model": "recipes.ingredient", "pk": 11, "fields": {"name": "Картошка", "measurement_unit": "шт."}}, {"model": "recipes.ingredient", "pk": 12, "fields": {"name": "Ветчина", "measurement_unit": "гр."}}, {"model": "recipes.ingredient", "pk": 13, "fields": {"name": "Болгарский перец", "measurement_unit": "шт."}}, {"model": "recipes.ingredient", "pk": 14, "fields": {"name": "Помидор", "measurement_unit": "шт."}}, {"model": "recipes.ingredient", "pk": 15, "fields": {"name": "Спагетти", "measurement_unit": "гр."}}, {"model": "recipes.ingredient", "pk": 16, "fields": {"name": "Креветки", "measurement_unit": "гр."}}, {"model": "recipes.ingredient", "pk": 17, "fields": {"name": "Перец чили", "measurement_unit": "ч. л."}}, {"model": "recipes.ingredient", "pk": 18, "fields": {"name": "Говядина", "measurement_unit": "гр."}}, {"model": "recipes.ingredient", "pk": 19, "fields": {"name": "Свекла", "measurement_unit": "шт."}}, {"model": "recipes.ingredient", "pk": 20, "fields": {"name": "Морковь", "measurement_unit": "шт."}}, {"model": "recipes.ingredient", "pk": 21, "fields": {"name": "Капуста", "measurement_unit": "шт."}}, {"model": "recipes.ingredient", "pk": 22, "fields": {"name": "Томатная паста", "measurement_unit": "ст. л."}}, {"model": "recipes.ingredient", "pk": 23, "fields": {"name": "Греча", "measurement_unit": "стакан"}}, {"model": "recipes.ingredient", "pk": 24, "fields": {"name": "Грибы", "measurement_unit": "гр."}}, {"model": "recipes.recipe", "pk": 1, "fields": {"author": 3, "name": "Паштет Лаврова", "image": "recipes/images/temp.jpeg", "text": "Печень обжаривается с луком до румяности, но сохраняет розовый оттенок внутри\n\nВ конце добавляется коньяк и поджигается\n\nВзбивается в блендере со сливочным маслом до воздушной текстуры\n\nПодается в керамических горшочках с золотистой крышечкой из слоеного теста", "cooking_time": 15, "pub_date": "2025-05-29T23:02:59.109Z", "short_link": "9f5d6d9e"}}, {"model": "recipes.recipe", "pk": 3, "fields": {"author": 3, "name": "Паста «А ля Максим»", "image": "recipes/images/temp_tzqtGWU.jpeg", "text": "Отварить пасту al dente.\n\nОбжарить чеснок и чили на оливковом масле, добавить креветки.\n\nВлить сливки, прогреть, смешать с пастой.\n\nПодавать с рукколой и пармезаном.", "cooking_time": 45, "pub_date": "2025-05-30T00:07:22.138Z", "short_link": null}}, {"model": "recipes.recipe", "pk": 4, "fields": {"author": 5, "name": "Борщ «По-родионовски»", "image": "recipes/images/temp_r4YNlYI.jpeg", "text": "Сварить бульон из говядины.\n\nОбжарить лук, морковь, свеклу с томатной пастой.\n\nДобавить картошку и капусту, варить до готовности.\n\nЗаправить уксусом и сахаром, подавать со сметаной.", "cooking_time": 30, "pub_date": "2025-05-30T00:14:05.656Z", "short_link": null}}, {"model": "recipes.recipe", "pk": 5, "fields": {"author": 4, "name": "Гречка «От Витька»", "image": "recipes/images/temp_0U36lmw.jpeg", "text": "Обжарить лук, морковь и грибы.\n\nСмешать с отварной гречкой, добавить масло.", "cooking_time": 20, "pub_date": "2025-05-30T00:17:14.102Z", "short_link": null}}, {"model": "recipes.recipeingredient", "pk": 1, "fields": {"recipe": 1, "ingredient": 1, "amount": 500}}, {"model": "recipes.recipeingredient", "pk": 2, "fields": {"recipe": 1, "ingredient": 2, "amount": 200}}, {"model": "recipes.recipeingredient", "pk": 3, "fields": {"recipe": 1, "ingredient": 3, "amount": 2}}, {"model": "recipes.recipeingredient", "pk": 4, "fields": {"recipe": 1, "ingredient": 4, "amount": 3}}, {"model": "recipes.recipeingredient", "pk": 5, "fields": {"recipe": 1, "ingredient": 5, "amount": 100}}, {"model": "recipes.recipeingredient", "pk": 6, "fields": {"recipe": 1, "ingredient": 6, "amount": 50}}, {"model": "recipes.recipeingredient", "pk": 19, "fields": {"recipe": 3, "ingredient": 15, "amount": 200}}, {"model": "recipes.recipeingredient", "pk": 20, "fields": {"recipe": 3, "ingredient": 16, "amount": 100}}, {"model": "recipes.recipeingredient", "pk": 21, "fields": {"recipe": 3, "ingredient": 4, "amount": 2}}, {"model": "recipes.recipeingredient", "pk": 22, "fields": {"recipe": 3, "ingredient": 17, "amount": 1}}, {"model": "recipes.recipeingredient", "pk": 23, "fields": {"recipe": 3, "ingredient": 5, "amount": 50}}, {"model": "recipes.recipeingredient", "pk": 24, "fields": {"recipe": 4, "ingredient": 18, "amount": 500}}, {"model": "recipes.recipeingredient", "pk": 25, "fields": {"recipe": 4, "ingredient": 19, "amount": 1}}, {"model": "recipes.recipeingredient", "pk": 26, "fields": {"recipe": 4, "ingredient": 11, "amount": 2}}, {"model": "recipes.recipeingredient", "pk": 27, "fields": {"recipe": 4, "ingredient": 20, "amount": 1}}, {"model": "recipes.recipeingredient", "pk": 28, "fields": {"recipe": 4, "ingredient": 3, "amount": 1}}, {"model": "recipes.recipeingredient", "pk": 29, "fields": {"recipe": 4, "ingredient": 21, "amount": 1}}, {"model": "recipes.recipeingredient", "pk": 30, "fields": {"recipe": 4, "ingredient": 22, "amount": 1}}, {"model": "recipes.recipeingredient", "pk": 31, "fields": {"recipe": 5, "ingredient": 23, "amount": 1}}, {"model": "recipes.recipeingredient", "pk": 32, "fields": {"recipe": 5, "ingredient": 3, "amount": 1}}, {"model": "recipes.recipeingredient", "pk": 33, "fields": {"recipe": 5, "ingredient": 20, "amount": 1}}, {"model": "recipes.recipeingredient", "pk": 34, "fields": {"recipe": 5, "ingredient": 24, "amount": 100}}, {"model": "recipes.recipeingredient", "pk": 35, "fields": {"recipe": 5, "ingredient": 2, "amount": 20}}, {"model": "recipes.favorite", "pk": 3, "fields": {"user": 4, "recipe": 1}}, {"model": "recipes.favorite", "pk": 4, "fields": {"user": 5, "recipe": 3}}, {"model": "recipes.favorite", "pk": 5, "fields": {"user": 4, "recipe": 4}}, {"model": "recipes.shoppingcart", "pk": 1, "fields": {"user": 4, "recipe": 1}}, {"model": "recipes.shoppingcart", "pk": 4, "fields": {"user": 5, "recipe": 1}}, {"model": "recipes.shoppingcart", "pk": 5, "fields": {"user": 5, "recipe": 3}}]